<?xml version="1.0" encoding="UTF-8"?>
<daemon>
  <id>geotriples-rdf</id>
  <mainClass>eu.linkedeodata.geotriples.GeoTriplesCMD</mainClass>
  <classpath>
    <dependencies>
      <dependency>
        <groupId>eu.linkedeodata</groupId>
        <artifactId>geotriples</artifactId>
        <version>1.1.6-SNAPSHOT</version>
        <relativePath>eu/linkedeodata/geotriples/1.1.6-SNAPSHOT/geotriples-1.1.6-SNAPSHOT.jar</relativePath>
      </dependency>
      <dependency>
        <groupId>org.apache.hadoop</groupId>
        <artifactId>hadoop-common</artifactId>
        <version>2.7.3</version>
        <relativePath>org/apache/hadoop/hadoop-common/2.7.3/hadoop-common-2.7.3.jar</relativePath>
      </dependency>
      <dependency>
        <groupId>org.apache.hadoop</groupId>
        <artifactId>hadoop-annotations</artifactId>
        <version>2.7.3</version>
        <relativePath>org/apache/hadoop/hadoop-annotations/2.7.3/hadoop-annotations-2.7.3.jar</relativePath>
      </dependency>
      <dependency>
        <groupId>com.google.guava</groupId>
        <artifactId>guava</artifactId>
        <version>11.0.2</version>
        <relativePath>com/google/guava/guava/11.0.2/guava-11.0.2.jar</relativePath>
      </dependency>
      <dependency>
        <groupId>commons-cli</groupId>
        <artifactId>commons-cli</artifactId>
        <version>1.2</version>
        <relativePath>commons-cli/commons-cli/1.2/commons-cli-1.2.jar</relativePath>
      </dependency>
      <dependency>
        <groupId>org.apache.commons</groupId>
        <artifactId>commons-math3</artifactId>
        <version>3.1.1</version>
        <relativePath>org/apache/commons/commons-math3/3.1.1/commons-math3-3.1.1.jar</relativePath>
      </dependency>
      <dependency>
        <groupId>xmlenc</groupId>
        <artifactId>xmlenc</artifactId>
        <version>0.52</version>
        <relativePath>xmlenc/xmlenc/0.52/xmlenc-0.52.jar</relativePath>
      </dependency>
      <dependency>
        <groupId>commons-httpclient</groupId>
        <artifactId>commons-httpclient</artifactId>
        <version>3.1</version>
        <relativePath>commons-httpclient/commons-httpclient/3.1/commons-httpclient-3.1.jar</relativePath>
      </dependency>
      <dependency>
        <groupId>commons-net</groupId>
        <artifactId>commons-net</artifactId>
        <version>3.1</version>
        <relativePath>commons-net/commons-net/3.1/commons-net-3.1.jar</relativePath>
      </dependency>
      <dependency>
        <groupId>javax.servlet</groupId>
        <artifactId>servlet-api</artifactId>
        <version>2.5</version>
        <relativePath>javax/servlet/servlet-api/2.5/servlet-api-2.5.jar</relativePath>
      </dependency>
      <dependency>
        <groupId>org.mortbay.jetty</groupId>
        <artifactId>jetty</artifactId>
        <version>6.1.26</version>
        <relativePath>org/mortbay/jetty/jetty/6.1.26/jetty-6.1.26.jar</relativePath>
      </dependency>
      <dependency>
        <groupId>org.mortbay.jetty</groupId>
        <artifactId>jetty-util</artifactId>
        <version>6.1.26</version>
        <relativePath>org/mortbay/jetty/jetty-util/6.1.26/jetty-util-6.1.26.jar</relativePath>
      </dependency>
      <dependency>
        <groupId>javax.servlet.jsp</groupId>
        <artifactId>jsp-api</artifactId>
        <version>2.1</version>
        <relativePath>javax/servlet/jsp/jsp-api/2.1/jsp-api-2.1.jar</relativePath>
      </dependency>
      <dependency>
        <groupId>com.sun.jersey</groupId>
        <artifactId>jersey-core</artifactId>
        <version>1.9</version>
        <relativePath>com/sun/jersey/jersey-core/1.9/jersey-core-1.9.jar</relativePath>
      </dependency>
      <dependency>
        <groupId>com.sun.jersey</groupId>
        <artifactId>jersey-json</artifactId>
        <version>1.9</version>
        <relativePath>com/sun/jersey/jersey-json/1.9/jersey-json-1.9.jar</relativePath>
      </dependency>
      <dependency>
        <groupId>org.codehaus.jettison</groupId>
        <artifactId>jettison</artifactId>
        <version>1.1</version>
        <relativePath>org/codehaus/jettison/jettison/1.1/jettison-1.1.jar</relativePath>
      </dependency>
      <dependency>
        <groupId>com.sun.xml.bind</groupId>
        <artifactId>jaxb-impl</artifactId>
        <version>2.2.3-1</version>
        <relativePath>com/sun/xml/bind/jaxb-impl/2.2.3-1/jaxb-impl-2.2.3-1.jar</relativePath>
      </dependency>
      <dependency>
        <groupId>javax.xml.bind</groupId>
        <artifactId>jaxb-api</artifactId>
        <version>2.2.2</version>
        <relativePath>javax/xml/bind/jaxb-api/2.2.2/jaxb-api-2.2.2.jar</relativePath>
      </dependency>
      <dependency>
        <groupId>javax.xml.stream</groupId>
        <artifactId>stax-api</artifactId>
        <version>1.0-2</version>
        <relativePath>javax/xml/stream/stax-api/1.0-2/stax-api-1.0-2.jar</relativePath>
      </dependency>
      <dependency>
        <groupId>javax.activation</groupId>
        <artifactId>activation</artifactId>
        <version>1.1</version>
        <relativePath>javax/activation/activation/1.1/activation-1.1.jar</relativePath>
      </dependency>
      <dependency>
        <groupId>org.codehaus.jackson</groupId>
        <artifactId>jackson-jaxrs</artifactId>
        <version>1.8.3</version>
        <relativePath>org/codehaus/jackson/jackson-jaxrs/1.8.3/jackson-jaxrs-1.8.3.jar</relativePath>
      </dependency>
      <dependency>
        <groupId>org.codehaus.jackson</groupId>
        <artifactId>jackson-xc</artifactId>
        <version>1.8.3</version>
        <relativePath>org/codehaus/jackson/jackson-xc/1.8.3/jackson-xc-1.8.3.jar</relativePath>
      </dependency>
      <dependency>
        <groupId>com.sun.jersey</groupId>
        <artifactId>jersey-server</artifactId>
        <version>1.9</version>
        <relativePath>com/sun/jersey/jersey-server/1.9/jersey-server-1.9.jar</relativePath>
      </dependency>
      <dependency>
        <groupId>asm</groupId>
        <artifactId>asm</artifactId>
        <version>3.1</version>
        <relativePath>asm/asm/3.1/asm-3.1.jar</relativePath>
      </dependency>
      <dependency>
        <groupId>commons-logging</groupId>
        <artifactId>commons-logging</artifactId>
        <version>1.1.3</version>
        <relativePath>commons-logging/commons-logging/1.1.3/commons-logging-1.1.3.jar</relativePath>
      </dependency>
      <dependency>
        <groupId>net.java.dev.jets3t</groupId>
        <artifactId>jets3t</artifactId>
        <version>0.9.0</version>
        <relativePath>net/java/dev/jets3t/jets3t/0.9.0/jets3t-0.9.0.jar</relativePath>
      </dependency>
      <dependency>
        <groupId>com.jamesmurty.utils</groupId>
        <artifactId>java-xmlbuilder</artifactId>
        <version>0.4</version>
        <relativePath>com/jamesmurty/utils/java-xmlbuilder/0.4/java-xmlbuilder-0.4.jar</relativePath>
      </dependency>
      <dependency>
        <groupId>commons-configuration</groupId>
        <artifactId>commons-configuration</artifactId>
        <version>1.6</version>
        <relativePath>commons-configuration/commons-configuration/1.6/commons-configuration-1.6.jar</relativePath>
      </dependency>
      <dependency>
        <groupId>commons-digester</groupId>
        <artifactId>commons-digester</artifactId>
        <version>1.8</version>
        <relativePath>commons-digester/commons-digester/1.8/commons-digester-1.8.jar</relativePath>
      </dependency>
      <dependency>
        <groupId>commons-beanutils</groupId>
        <artifactId>commons-beanutils</artifactId>
        <version>1.7.0</version>
        <relativePath>commons-beanutils/commons-beanutils/1.7.0/commons-beanutils-1.7.0.jar</relativePath>
      </dependency>
      <dependency>
        <groupId>commons-beanutils</groupId>
        <artifactId>commons-beanutils-core</artifactId>
        <version>1.8.0</version>
        <relativePath>commons-beanutils/commons-beanutils-core/1.8.0/commons-beanutils-core-1.8.0.jar</relativePath>
      </dependency>
      <dependency>
        <groupId>org.slf4j</groupId>
        <artifactId>slf4j-log4j12</artifactId>
        <version>1.7.10</version>
        <relativePath>org/slf4j/slf4j-log4j12/1.7.10/slf4j-log4j12-1.7.10.jar</relativePath>
      </dependency>
      <dependency>
        <groupId>org.codehaus.jackson</groupId>
        <artifactId>jackson-core-asl</artifactId>
        <version>1.9.13</version>
        <relativePath>org/codehaus/jackson/jackson-core-asl/1.9.13/jackson-core-asl-1.9.13.jar</relativePath>
      </dependency>
      <dependency>
        <groupId>org.codehaus.jackson</groupId>
        <artifactId>jackson-mapper-asl</artifactId>
        <version>1.9.13</version>
        <relativePath>org/codehaus/jackson/jackson-mapper-asl/1.9.13/jackson-mapper-asl-1.9.13.jar</relativePath>
      </dependency>
      <dependency>
        <groupId>org.apache.avro</groupId>
        <artifactId>avro</artifactId>
        <version>1.7.4</version>
        <relativePath>org/apache/avro/avro/1.7.4/avro-1.7.4.jar</relativePath>
      </dependency>
      <dependency>
        <groupId>com.thoughtworks.paranamer</groupId>
        <artifactId>paranamer</artifactId>
        <version>2.3</version>
        <relativePath>com/thoughtworks/paranamer/paranamer/2.3/paranamer-2.3.jar</relativePath>
      </dependency>
      <dependency>
        <groupId>org.xerial.snappy</groupId>
        <artifactId>snappy-java</artifactId>
        <version>1.0.4.1</version>
        <relativePath>org/xerial/snappy/snappy-java/1.0.4.1/snappy-java-1.0.4.1.jar</relativePath>
      </dependency>
      <dependency>
        <groupId>com.google.protobuf</groupId>
        <artifactId>protobuf-java</artifactId>
        <version>2.5.0</version>
        <relativePath>com/google/protobuf/protobuf-java/2.5.0/protobuf-java-2.5.0.jar</relativePath>
      </dependency>
      <dependency>
        <groupId>com.google.code.gson</groupId>
        <artifactId>gson</artifactId>
        <version>2.2.4</version>
        <relativePath>com/google/code/gson/gson/2.2.4/gson-2.2.4.jar</relativePath>
      </dependency>
      <dependency>
        <groupId>org.apache.hadoop</groupId>
        <artifactId>hadoop-auth</artifactId>
        <version>2.7.3</version>
        <relativePath>org/apache/hadoop/hadoop-auth/2.7.3/hadoop-auth-2.7.3.jar</relativePath>
      </dependency>
      <dependency>
        <groupId>org.apache.directory.server</groupId>
        <artifactId>apacheds-kerberos-codec</artifactId>
        <version>2.0.0-M15</version>
        <relativePath>org/apache/directory/server/apacheds-kerberos-codec/2.0.0-M15/apacheds-kerberos-codec-2.0.0-M15.jar</relativePath>
      </dependency>
      <dependency>
        <groupId>org.apache.directory.server</groupId>
        <artifactId>apacheds-i18n</artifactId>
        <version>2.0.0-M15</version>
        <relativePath>org/apache/directory/server/apacheds-i18n/2.0.0-M15/apacheds-i18n-2.0.0-M15.jar</relativePath>
      </dependency>
      <dependency>
        <groupId>org.apache.directory.api</groupId>
        <artifactId>api-asn1-api</artifactId>
        <version>1.0.0-M20</version>
        <relativePath>org/apache/directory/api/api-asn1-api/1.0.0-M20/api-asn1-api-1.0.0-M20.jar</relativePath>
      </dependency>
      <dependency>
        <groupId>org.apache.directory.api</groupId>
        <artifactId>api-util</artifactId>
        <version>1.0.0-M20</version>
        <relativePath>org/apache/directory/api/api-util/1.0.0-M20/api-util-1.0.0-M20.jar</relativePath>
      </dependency>
      <dependency>
        <groupId>org.apache.curator</groupId>
        <artifactId>curator-framework</artifactId>
        <version>2.7.1</version>
        <relativePath>org/apache/curator/curator-framework/2.7.1/curator-framework-2.7.1.jar</relativePath>
      </dependency>
      <dependency>
        <groupId>com.jcraft</groupId>
        <artifactId>jsch</artifactId>
        <version>0.1.42</version>
        <relativePath>com/jcraft/jsch/0.1.42/jsch-0.1.42.jar</relativePath>
      </dependency>
      <dependency>
        <groupId>org.apache.curator</groupId>
        <artifactId>curator-client</artifactId>
        <version>2.7.1</version>
        <relativePath>org/apache/curator/curator-client/2.7.1/curator-client-2.7.1.jar</relativePath>
      </dependency>
      <dependency>
        <groupId>org.apache.curator</groupId>
        <artifactId>curator-recipes</artifactId>
        <version>2.7.1</version>
        <relativePath>org/apache/curator/curator-recipes/2.7.1/curator-recipes-2.7.1.jar</relativePath>
      </dependency>
      <dependency>
        <groupId>com.google.code.findbugs</groupId>
        <artifactId>jsr305</artifactId>
        <version>3.0.0</version>
        <relativePath>com/google/code/findbugs/jsr305/3.0.0/jsr305-3.0.0.jar</relativePath>
      </dependency>
      <dependency>
        <groupId>org.apache.htrace</groupId>
        <artifactId>htrace-core</artifactId>
        <version>3.1.0-incubating</version>
        <relativePath>org/apache/htrace/htrace-core/3.1.0-incubating/htrace-core-3.1.0-incubating.jar</relativePath>
      </dependency>
      <dependency>
        <groupId>org.apache.zookeeper</groupId>
        <artifactId>zookeeper</artifactId>
        <version>3.4.6</version>
        <relativePath>org/apache/zookeeper/zookeeper/3.4.6/zookeeper-3.4.6.jar</relativePath>
      </dependency>
      <dependency>
        <groupId>io.netty</groupId>
        <artifactId>netty</artifactId>
        <version>3.7.0.Final</version>
        <relativePath>io/netty/netty/3.7.0.Final/netty-3.7.0.Final.jar</relativePath>
      </dependency>
      <dependency>
        <groupId>org.apache.commons</groupId>
        <artifactId>commons-compress</artifactId>
        <version>1.4.1</version>
        <relativePath>org/apache/commons/commons-compress/1.4.1/commons-compress-1.4.1.jar</relativePath>
      </dependency>
      <dependency>
        <groupId>org.tukaani</groupId>
        <artifactId>xz</artifactId>
        <version>1.0</version>
        <relativePath>org/tukaani/xz/1.0/xz-1.0.jar</relativePath>
      </dependency>
      <dependency>
        <groupId>org.codehaus.mojo.appassembler</groupId>
        <artifactId>appassembler-booter</artifactId>
        <version>1.10</version>
        <relativePath>org/codehaus/mojo/appassembler/appassembler-booter/1.10/appassembler-booter-1.10.jar</relativePath>
      </dependency>
      <dependency>
        <groupId>org.codehaus.mojo.appassembler</groupId>
        <artifactId>appassembler-model</artifactId>
        <version>1.10</version>
        <relativePath>org/codehaus/mojo/appassembler/appassembler-model/1.10/appassembler-model-1.10.jar</relativePath>
      </dependency>
      <dependency>
        <groupId>org.codehaus.plexus</groupId>
        <artifactId>plexus-utils</artifactId>
        <version>3.0.20</version>
        <relativePath>org/codehaus/plexus/plexus-utils/3.0.20/plexus-utils-3.0.20.jar</relativePath>
      </dependency>
      <dependency>
        <groupId>net.java.dev.stax-utils</groupId>
        <artifactId>stax-utils</artifactId>
        <version>20060502</version>
        <relativePath>net/java/dev/stax-utils/stax-utils/20060502/stax-utils-20060502.jar</relativePath>
      </dependency>
      <dependency>
        <groupId>stax</groupId>
        <artifactId>stax</artifactId>
        <version>1.1.1-dev</version>
        <relativePath>stax/stax/1.1.1-dev/stax-1.1.1-dev.jar</relativePath>
      </dependency>
      <dependency>
        <groupId>stax</groupId>
        <artifactId>stax-api</artifactId>
        <version>1.0.1</version>
        <relativePath>stax/stax-api/1.0.1/stax-api-1.0.1.jar</relativePath>
      </dependency>
      <dependency>
        <groupId>xom</groupId>
        <artifactId>xom</artifactId>
        <version>1.2.5</version>
        <relativePath>xom/xom/1.2.5/xom-1.2.5.jar</relativePath>
      </dependency>
      <dependency>
        <groupId>xalan</groupId>
        <artifactId>xalan</artifactId>
        <version>2.7.0</version>
        <relativePath>xalan/xalan/2.7.0/xalan-2.7.0.jar</relativePath>
      </dependency>
      <dependency>
        <groupId>in.jlibs</groupId>
        <artifactId>jlibs-xmldog</artifactId>
        <version>2.1</version>
        <relativePath>in/jlibs/jlibs-xmldog/2.1/jlibs-xmldog-2.1.jar</relativePath>
      </dependency>
      <dependency>
        <groupId>in.jlibs</groupId>
        <artifactId>jlibs-xml</artifactId>
        <version>2.1</version>
        <relativePath>in/jlibs/jlibs-xml/2.1/jlibs-xml-2.1.jar</relativePath>
      </dependency>
      <dependency>
        <groupId>in.jlibs</groupId>
        <artifactId>jlibs-core</artifactId>
        <version>2.1</version>
        <relativePath>in/jlibs/jlibs-core/2.1/jlibs-core-2.1.jar</relativePath>
      </dependency>
      <dependency>
        <groupId>in.jlibs</groupId>
        <artifactId>jlibs-apt</artifactId>
        <version>2.1</version>
        <relativePath>in/jlibs/jlibs-apt/2.1/jlibs-apt-2.1.jar</relativePath>
      </dependency>
      <dependency>
        <groupId>in.jlibs</groupId>
        <artifactId>jlibs-visitor</artifactId>
        <version>2.1</version>
        <relativePath>in/jlibs/jlibs-visitor/2.1/jlibs-visitor-2.1.jar</relativePath>
      </dependency>
      <dependency>
        <groupId>jaxen</groupId>
        <artifactId>jaxen</artifactId>
        <version>1.1.1</version>
        <relativePath>jaxen/jaxen/1.1.1/jaxen-1.1.1.jar</relativePath>
      </dependency>
      <dependency>
        <groupId>com.jayway.jsonpath</groupId>
        <artifactId>json-path</artifactId>
        <version>0.8.1</version>
        <relativePath>com/jayway/jsonpath/json-path/0.8.1/json-path-0.8.1.jar</relativePath>
      </dependency>
      <dependency>
        <groupId>net.minidev</groupId>
        <artifactId>json-smart</artifactId>
        <version>1.1.1</version>
        <relativePath>net/minidev/json-smart/1.1.1/json-smart-1.1.1.jar</relativePath>
      </dependency>
      <dependency>
        <groupId>org.hamcrest</groupId>
        <artifactId>hamcrest-core</artifactId>
        <version>1.3</version>
        <relativePath>org/hamcrest/hamcrest-core/1.3/hamcrest-core-1.3.jar</relativePath>
      </dependency>
      <dependency>
        <groupId>net.antidot</groupId>
        <artifactId>db2triples</artifactId>
        <version>1.0.2</version>
        <relativePath>net/antidot/db2triples/1.0.2/db2triples-1.0.2.jar</relativePath>
      </dependency>
      <dependency>
        <groupId>postgresql</groupId>
        <artifactId>postgresql</artifactId>
        <version>9.1-901.jdbc4</version>
        <relativePath>postgresql/postgresql/9.1-901.jdbc4/postgresql-9.1-901.jdbc4.jar</relativePath>
      </dependency>
      <dependency>
        <groupId>org.openrdf.sesame</groupId>
        <artifactId>sesame-sail-nativerdf</artifactId>
        <version>2.6.10</version>
        <relativePath>org/openrdf/sesame/sesame-sail-nativerdf/2.6.10/sesame-sail-nativerdf-2.6.10.jar</relativePath>
      </dependency>
      <dependency>
        <groupId>org.openrdf.sesame</groupId>
        <artifactId>sesame-sail-api</artifactId>
        <version>2.6.10</version>
        <relativePath>org/openrdf/sesame/sesame-sail-api/2.6.10/sesame-sail-api-2.6.10.jar</relativePath>
      </dependency>
      <dependency>
        <groupId>org.openrdf.sesame</groupId>
        <artifactId>sesame-sail-inferencer</artifactId>
        <version>2.6.10</version>
        <relativePath>org/openrdf/sesame/sesame-sail-inferencer/2.6.10/sesame-sail-inferencer-2.6.10.jar</relativePath>
      </dependency>
      <dependency>
        <groupId>org.openrdf.sesame</groupId>
        <artifactId>sesame-queryalgebra-evaluation</artifactId>
        <version>2.6.10</version>
        <relativePath>org/openrdf/sesame/sesame-queryalgebra-evaluation/2.6.10/sesame-queryalgebra-evaluation-2.6.10.jar</relativePath>
      </dependency>
      <dependency>
        <groupId>org.openrdf.sesame</groupId>
        <artifactId>sesame-repository-sparql</artifactId>
        <version>2.6.10</version>
        <relativePath>org/openrdf/sesame/sesame-repository-sparql/2.6.10/sesame-repository-sparql-2.6.10.jar</relativePath>
      </dependency>
      <dependency>
        <groupId>org.openrdf.sesame</groupId>
        <artifactId>sesame-queryalgebra-model</artifactId>
        <version>2.6.10</version>
        <relativePath>org/openrdf/sesame/sesame-queryalgebra-model/2.6.10/sesame-queryalgebra-model-2.6.10.jar</relativePath>
      </dependency>
      <dependency>
        <groupId>org.openrdf.sesame</groupId>
        <artifactId>sesame-query</artifactId>
        <version>2.6.10</version>
        <relativePath>org/openrdf/sesame/sesame-query/2.6.10/sesame-query-2.6.10.jar</relativePath>
      </dependency>
      <dependency>
        <groupId>org.openrdf.sesame</groupId>
        <artifactId>sesame-model</artifactId>
        <version>2.6.10</version>
        <relativePath>org/openrdf/sesame/sesame-model/2.6.10/sesame-model-2.6.10.jar</relativePath>
      </dependency>
      <dependency>
        <groupId>org.openrdf.sesame</groupId>
        <artifactId>sesame-util</artifactId>
        <version>2.6.10</version>
        <relativePath>org/openrdf/sesame/sesame-util/2.6.10/sesame-util-2.6.10.jar</relativePath>
      </dependency>
      <dependency>
        <groupId>org.openrdf.sesame</groupId>
        <artifactId>sesame-runtime</artifactId>
        <version>2.6.10</version>
        <relativePath>org/openrdf/sesame/sesame-runtime/2.6.10/sesame-runtime-2.6.10.jar</relativePath>
      </dependency>
      <dependency>
        <groupId>org.openrdf.sesame</groupId>
        <artifactId>sesame-queryparser-api</artifactId>
        <version>2.6.10</version>
        <relativePath>org/openrdf/sesame/sesame-queryparser-api/2.6.10/sesame-queryparser-api-2.6.10.jar</relativePath>
      </dependency>
      <dependency>
        <groupId>org.openrdf.sesame</groupId>
        <artifactId>sesame-queryparser-serql</artifactId>
        <version>2.6.10</version>
        <relativePath>org/openrdf/sesame/sesame-queryparser-serql/2.6.10/sesame-queryparser-serql-2.6.10.jar</relativePath>
      </dependency>
      <dependency>
        <groupId>org.openrdf.sesame</groupId>
        <artifactId>sesame-queryparser-sparql</artifactId>
        <version>2.6.10</version>
        <relativePath>org/openrdf/sesame/sesame-queryparser-sparql/2.6.10/sesame-queryparser-sparql-2.6.10.jar</relativePath>
      </dependency>
      <dependency>
        <groupId>org.openrdf.sesame</groupId>
        <artifactId>sesame-queryresultio-api</artifactId>
        <version>2.6.10</version>
        <relativePath>org/openrdf/sesame/sesame-queryresultio-api/2.6.10/sesame-queryresultio-api-2.6.10.jar</relativePath>
      </dependency>
      <dependency>
        <groupId>org.openrdf.sesame</groupId>
        <artifactId>sesame-queryresultio-binary</artifactId>
        <version>2.6.10</version>
        <relativePath>org/openrdf/sesame/sesame-queryresultio-binary/2.6.10/sesame-queryresultio-binary-2.6.10.jar</relativePath>
      </dependency>
      <dependency>
        <groupId>org.openrdf.sesame</groupId>
        <artifactId>sesame-queryresultio-sparqljson</artifactId>
        <version>2.6.10</version>
        <relativePath>org/openrdf/sesame/sesame-queryresultio-sparqljson/2.6.10/sesame-queryresultio-sparqljson-2.6.10.jar</relativePath>
      </dependency>
      <dependency>
        <groupId>org.openrdf.sesame</groupId>
        <artifactId>sesame-queryresultio-sparqlxml</artifactId>
        <version>2.6.10</version>
        <relativePath>org/openrdf/sesame/sesame-queryresultio-sparqlxml/2.6.10/sesame-queryresultio-sparqlxml-2.6.10.jar</relativePath>
      </dependency>
      <dependency>
        <groupId>org.openrdf.sesame</groupId>
        <artifactId>sesame-queryresultio-text</artifactId>
        <version>2.6.10</version>
        <relativePath>org/openrdf/sesame/sesame-queryresultio-text/2.6.10/sesame-queryresultio-text-2.6.10.jar</relativePath>
      </dependency>
      <dependency>
        <groupId>net.sf.opencsv</groupId>
        <artifactId>opencsv</artifactId>
        <version>2.0</version>
        <relativePath>net/sf/opencsv/opencsv/2.0/opencsv-2.0.jar</relativePath>
      </dependency>
      <dependency>
        <groupId>org.openrdf.sesame</groupId>
        <artifactId>sesame-repository-api</artifactId>
        <version>2.6.10</version>
        <relativePath>org/openrdf/sesame/sesame-repository-api/2.6.10/sesame-repository-api-2.6.10.jar</relativePath>
      </dependency>
      <dependency>
        <groupId>org.openrdf.sesame</groupId>
        <artifactId>sesame-repository-manager</artifactId>
        <version>2.6.10</version>
        <relativePath>org/openrdf/sesame/sesame-repository-manager/2.6.10/sesame-repository-manager-2.6.10.jar</relativePath>
      </dependency>
      <dependency>
        <groupId>org.openrdf.sesame</groupId>
        <artifactId>sesame-repository-event</artifactId>
        <version>2.6.10</version>
        <relativePath>org/openrdf/sesame/sesame-repository-event/2.6.10/sesame-repository-event-2.6.10.jar</relativePath>
      </dependency>
      <dependency>
        <groupId>org.openrdf.sesame</groupId>
        <artifactId>sesame-repository-http</artifactId>
        <version>2.6.10</version>
        <relativePath>org/openrdf/sesame/sesame-repository-http/2.6.10/sesame-repository-http-2.6.10.jar</relativePath>
      </dependency>
      <dependency>
        <groupId>org.openrdf.sesame</groupId>
        <artifactId>sesame-repository-sail</artifactId>
        <version>2.6.10</version>
        <relativePath>org/openrdf/sesame/sesame-repository-sail/2.6.10/sesame-repository-sail-2.6.10.jar</relativePath>
      </dependency>
      <dependency>
        <groupId>org.openrdf.sesame</groupId>
        <artifactId>sesame-repository-dataset</artifactId>
        <version>2.6.10</version>
        <relativePath>org/openrdf/sesame/sesame-repository-dataset/2.6.10/sesame-repository-dataset-2.6.10.jar</relativePath>
      </dependency>
      <dependency>
        <groupId>org.openrdf.sesame</groupId>
        <artifactId>sesame-repository-contextaware</artifactId>
        <version>2.6.10</version>
        <relativePath>org/openrdf/sesame/sesame-repository-contextaware/2.6.10/sesame-repository-contextaware-2.6.10.jar</relativePath>
      </dependency>
      <dependency>
        <groupId>org.openrdf.sesame</groupId>
        <artifactId>sesame-http-protocol</artifactId>
        <version>2.6.10</version>
        <relativePath>org/openrdf/sesame/sesame-http-protocol/2.6.10/sesame-http-protocol-2.6.10.jar</relativePath>
      </dependency>
      <dependency>
        <groupId>org.openrdf.sesame</groupId>
        <artifactId>sesame-http-client</artifactId>
        <version>2.6.10</version>
        <relativePath>org/openrdf/sesame/sesame-http-client/2.6.10/sesame-http-client-2.6.10.jar</relativePath>
      </dependency>
      <dependency>
        <groupId>org.openrdf.sesame</groupId>
        <artifactId>sesame-rio-api</artifactId>
        <version>2.6.10</version>
        <relativePath>org/openrdf/sesame/sesame-rio-api/2.6.10/sesame-rio-api-2.6.10.jar</relativePath>
      </dependency>
      <dependency>
        <groupId>org.openrdf.sesame</groupId>
        <artifactId>sesame-rio-binary</artifactId>
        <version>2.6.10</version>
        <relativePath>org/openrdf/sesame/sesame-rio-binary/2.6.10/sesame-rio-binary-2.6.10.jar</relativePath>
      </dependency>
      <dependency>
        <groupId>org.openrdf.sesame</groupId>
        <artifactId>sesame-rio-ntriples</artifactId>
        <version>2.6.10</version>
        <relativePath>org/openrdf/sesame/sesame-rio-ntriples/2.6.10/sesame-rio-ntriples-2.6.10.jar</relativePath>
      </dependency>
      <dependency>
        <groupId>org.openrdf.sesame</groupId>
        <artifactId>sesame-rio-n3</artifactId>
        <version>2.6.10</version>
        <relativePath>org/openrdf/sesame/sesame-rio-n3/2.6.10/sesame-rio-n3-2.6.10.jar</relativePath>
      </dependency>
      <dependency>
        <groupId>org.openrdf.sesame</groupId>
        <artifactId>sesame-rio-rdfxml</artifactId>
        <version>2.6.10</version>
        <relativePath>org/openrdf/sesame/sesame-rio-rdfxml/2.6.10/sesame-rio-rdfxml-2.6.10.jar</relativePath>
      </dependency>
      <dependency>
        <groupId>org.openrdf.sesame</groupId>
        <artifactId>sesame-rio-trix</artifactId>
        <version>2.6.10</version>
        <relativePath>org/openrdf/sesame/sesame-rio-trix/2.6.10/sesame-rio-trix-2.6.10.jar</relativePath>
      </dependency>
      <dependency>
        <groupId>org.openrdf.sesame</groupId>
        <artifactId>sesame-rio-turtle</artifactId>
        <version>2.6.10</version>
        <relativePath>org/openrdf/sesame/sesame-rio-turtle/2.6.10/sesame-rio-turtle-2.6.10.jar</relativePath>
      </dependency>
      <dependency>
        <groupId>org.openrdf.sesame</groupId>
        <artifactId>sesame-rio-trig</artifactId>
        <version>2.6.10</version>
        <relativePath>org/openrdf/sesame/sesame-rio-trig/2.6.10/sesame-rio-trig-2.6.10.jar</relativePath>
      </dependency>
      <dependency>
        <groupId>org.openrdf.sesame</groupId>
        <artifactId>sesame-sail-memory</artifactId>
        <version>2.6.10</version>
        <relativePath>org/openrdf/sesame/sesame-sail-memory/2.6.10/sesame-sail-memory-2.6.10.jar</relativePath>
      </dependency>
      <dependency>
        <groupId>org.openrdf.sesame</groupId>
        <artifactId>sesame-sail-rdbms</artifactId>
        <version>2.6.10</version>
        <relativePath>org/openrdf/sesame/sesame-sail-rdbms/2.6.10/sesame-sail-rdbms-2.6.10.jar</relativePath>
      </dependency>
      <dependency>
        <groupId>commons-dbcp</groupId>
        <artifactId>commons-dbcp</artifactId>
        <version>1.3</version>
        <relativePath>commons-dbcp/commons-dbcp/1.3/commons-dbcp-1.3.jar</relativePath>
      </dependency>
      <dependency>
        <groupId>org.slf4j</groupId>
        <artifactId>slf4j-simple</artifactId>
        <version>1.6.1</version>
        <relativePath>org/slf4j/slf4j-simple/1.6.1/slf4j-simple-1.6.1.jar</relativePath>
      </dependency>
      <dependency>
        <groupId>net.sourceforge.javacsv</groupId>
        <artifactId>javacsv</artifactId>
        <version>2.0</version>
        <relativePath>net/sourceforge/javacsv/javacsv/2.0/javacsv-2.0.jar</relativePath>
      </dependency>
      <dependency>
        <groupId>commons-io</groupId>
        <artifactId>commons-io</artifactId>
        <version>2.0.1</version>
        <relativePath>commons-io/commons-io/2.0.1/commons-io-2.0.1.jar</relativePath>
      </dependency>
      <dependency>
        <groupId>net.sf.saxon</groupId>
        <artifactId>Saxon-HE</artifactId>
        <version>9.5.1-4</version>
        <classifier>compressed</classifier>
        <relativePath>net/sf/saxon/Saxon-HE/9.5.1-4/Saxon-HE-9.5.1-4-compressed.jar</relativePath>
      </dependency>
      <dependency>
        <groupId>junit</groupId>
        <artifactId>junit</artifactId>
        <version>4.11</version>
        <relativePath>junit/junit/4.11/junit-4.11.jar</relativePath>
      </dependency>
      <dependency>
        <groupId>org.apache.velocity</groupId>
        <artifactId>velocity</artifactId>
        <version>1.7</version>
        <relativePath>org/apache/velocity/velocity/1.7/velocity-1.7.jar</relativePath>
      </dependency>
      <dependency>
        <groupId>commons-lang</groupId>
        <artifactId>commons-lang</artifactId>
        <version>2.4</version>
        <relativePath>commons-lang/commons-lang/2.4/commons-lang-2.4.jar</relativePath>
      </dependency>
      <dependency>
        <groupId>commons-collections</groupId>
        <artifactId>commons-collections</artifactId>
        <version>3.2.1</version>
        <relativePath>commons-collections/commons-collections/3.2.1/commons-collections-3.2.1.jar</relativePath>
      </dependency>
      <dependency>
        <groupId>org.slf4j</groupId>
        <artifactId>slf4j-api</artifactId>
        <version>1.6.4</version>
        <relativePath>org/slf4j/slf4j-api/1.6.4/slf4j-api-1.6.4.jar</relativePath>
      </dependency>
      <dependency>
        <groupId>log4j</groupId>
        <artifactId>log4j</artifactId>
        <version>1.2.16</version>
        <relativePath>log4j/log4j/1.2.16/log4j-1.2.16.jar</relativePath>
      </dependency>
      <dependency>
        <groupId>org.eclipse.jetty</groupId>
        <artifactId>jetty-webapp</artifactId>
        <version>8.1.8.v20121106</version>
        <relativePath>org/eclipse/jetty/jetty-webapp/8.1.8.v20121106/jetty-webapp-8.1.8.v20121106.jar</relativePath>
      </dependency>
      <dependency>
        <groupId>org.eclipse.jetty</groupId>
        <artifactId>jetty-xml</artifactId>
        <version>8.1.8.v20121106</version>
        <relativePath>org/eclipse/jetty/jetty-xml/8.1.8.v20121106/jetty-xml-8.1.8.v20121106.jar</relativePath>
      </dependency>
      <dependency>
        <groupId>org.eclipse.jetty</groupId>
        <artifactId>jetty-util</artifactId>
        <version>8.1.8.v20121106</version>
        <relativePath>org/eclipse/jetty/jetty-util/8.1.8.v20121106/jetty-util-8.1.8.v20121106.jar</relativePath>
      </dependency>
      <dependency>
        <groupId>org.eclipse.jetty</groupId>
        <artifactId>jetty-servlet</artifactId>
        <version>8.1.8.v20121106</version>
        <relativePath>org/eclipse/jetty/jetty-servlet/8.1.8.v20121106/jetty-servlet-8.1.8.v20121106.jar</relativePath>
      </dependency>
      <dependency>
        <groupId>org.eclipse.jetty</groupId>
        <artifactId>jetty-security</artifactId>
        <version>8.1.8.v20121106</version>
        <relativePath>org/eclipse/jetty/jetty-security/8.1.8.v20121106/jetty-security-8.1.8.v20121106.jar</relativePath>
      </dependency>
      <dependency>
        <groupId>org.eclipse.jetty</groupId>
        <artifactId>jetty-server</artifactId>
        <version>8.1.8.v20121106</version>
        <relativePath>org/eclipse/jetty/jetty-server/8.1.8.v20121106/jetty-server-8.1.8.v20121106.jar</relativePath>
      </dependency>
      <dependency>
        <groupId>org.eclipse.jetty.orbit</groupId>
        <artifactId>javax.servlet</artifactId>
        <version>3.0.0.v201112011016</version>
        <relativePath>org/eclipse/jetty/orbit/javax.servlet/3.0.0.v201112011016/javax.servlet-3.0.0.v201112011016.jar</relativePath>
      </dependency>
      <dependency>
        <groupId>org.eclipse.jetty</groupId>
        <artifactId>jetty-continuation</artifactId>
        <version>8.1.8.v20121106</version>
        <relativePath>org/eclipse/jetty/jetty-continuation/8.1.8.v20121106/jetty-continuation-8.1.8.v20121106.jar</relativePath>
      </dependency>
      <dependency>
        <groupId>org.eclipse.jetty</groupId>
        <artifactId>jetty-http</artifactId>
        <version>8.1.8.v20121106</version>
        <relativePath>org/eclipse/jetty/jetty-http/8.1.8.v20121106/jetty-http-8.1.8.v20121106.jar</relativePath>
      </dependency>
      <dependency>
        <groupId>org.eclipse.jetty</groupId>
        <artifactId>jetty-io</artifactId>
        <version>8.1.8.v20121106</version>
        <relativePath>org/eclipse/jetty/jetty-io/8.1.8.v20121106/jetty-io-8.1.8.v20121106.jar</relativePath>
      </dependency>
      <dependency>
        <groupId>org.apache.jena</groupId>
        <artifactId>jena-iri</artifactId>
        <version>0.9.4</version>
        <relativePath>org/apache/jena/jena-iri/0.9.4/jena-iri-0.9.4.jar</relativePath>
      </dependency>
      <dependency>
        <groupId>org.apache.jena</groupId>
        <artifactId>jena-core</artifactId>
        <version>2.7.4</version>
        <relativePath>org/apache/jena/jena-core/2.7.4/jena-core-2.7.4.jar</relativePath>
      </dependency>
      <dependency>
        <groupId>org.apache.jena</groupId>
        <artifactId>jena-arq</artifactId>
        <version>2.9.4</version>
        <relativePath>org/apache/jena/jena-arq/2.9.4/jena-arq-2.9.4.jar</relativePath>
      </dependency>
      <dependency>
        <groupId>org.slf4j</groupId>
        <artifactId>jcl-over-slf4j</artifactId>
        <version>1.6.4</version>
        <relativePath>org/slf4j/jcl-over-slf4j/1.6.4/jcl-over-slf4j-1.6.4.jar</relativePath>
      </dependency>
      <dependency>
        <groupId>org.apache.httpcomponents</groupId>
        <artifactId>httpcore</artifactId>
        <version>4.1.3</version>
        <relativePath>org/apache/httpcomponents/httpcore/4.1.3/httpcore-4.1.3.jar</relativePath>
      </dependency>
      <dependency>
        <groupId>org.apache.httpcomponents</groupId>
        <artifactId>httpclient</artifactId>
        <version>4.1.2</version>
        <relativePath>org/apache/httpcomponents/httpclient/4.1.2/httpclient-4.1.2.jar</relativePath>
      </dependency>
      <dependency>
        <groupId>commons-codec</groupId>
        <artifactId>commons-codec</artifactId>
        <version>1.5</version>
        <relativePath>commons-codec/commons-codec/1.5/commons-codec-1.5.jar</relativePath>
      </dependency>
      <dependency>
        <groupId>xerces</groupId>
        <artifactId>xercesImpl</artifactId>
        <version>2.11.0</version>
        <relativePath>xerces/xercesImpl/2.11.0/xercesImpl-2.11.0.jar</relativePath>
      </dependency>
      <dependency>
        <groupId>xml-apis</groupId>
        <artifactId>xml-apis</artifactId>
        <version>1.4.01</version>
        <relativePath>xml-apis/xml-apis/1.4.01/xml-apis-1.4.01.jar</relativePath>
      </dependency>
      <dependency>
        <groupId>org.hsqldb</groupId>
        <artifactId>hsqldb</artifactId>
        <version>2.2.9</version>
        <relativePath>org/hsqldb/hsqldb/2.2.9/hsqldb-2.2.9.jar</relativePath>
      </dependency>
      <dependency>
        <groupId>org.postgresql</groupId>
        <artifactId>postgresql</artifactId>
        <version>9.2-1002-jdbc4</version>
        <relativePath>org/postgresql/postgresql/9.2-1002-jdbc4/postgresql-9.2-1002-jdbc4.jar</relativePath>
      </dependency>
      <dependency>
        <groupId>mysql</groupId>
        <artifactId>mysql-connector-java</artifactId>
        <version>5.1.22</version>
        <relativePath>mysql/mysql-connector-java/5.1.22/mysql-connector-java-5.1.22.jar</relativePath>
      </dependency>
      <dependency>
        <groupId>monetdb</groupId>
        <artifactId>monetdb-jdbc-2.11</artifactId>
        <version>11.20.0-geo-LEO</version>
        <relativePath>monetdb/monetdb-jdbc-2.11/11.20.0-geo-LEO/monetdb-jdbc-2.11-11.20.0-geo-LEO.jar</relativePath>
      </dependency>
      <dependency>
        <groupId>joseki</groupId>
        <artifactId>joseki</artifactId>
        <version>3.3.4</version>
        <relativePath>joseki/joseki/3.3.4/joseki-3.3.4.jar</relativePath>
      </dependency>
      <dependency>
        <groupId>com.vividsolutions</groupId>
        <artifactId>jts</artifactId>
        <version>1.13</version>
        <relativePath>com/vividsolutions/jts/1.13/jts-1.13.jar</relativePath>
      </dependency>
      <dependency>
        <groupId>org.gdal</groupId>
        <artifactId>gdal</artifactId>
        <version>1.11.2</version>
        <relativePath>org/gdal/gdal/1.11.2/gdal-1.11.2.jar</relativePath>
      </dependency>
      <dependency>
        <groupId>org.geotools</groupId>
        <artifactId>gt-geojson</artifactId>
        <version>13.2</version>
        <relativePath>org/geotools/gt-geojson/13.2/gt-geojson-13.2.jar</relativePath>
      </dependency>
      <dependency>
        <groupId>org.geotools</groupId>
        <artifactId>gt-main</artifactId>
        <version>13.2</version>
        <relativePath>org/geotools/gt-main/13.2/gt-main-13.2.jar</relativePath>
      </dependency>
      <dependency>
        <groupId>org.jdom</groupId>
        <artifactId>jdom</artifactId>
        <version>1.1.3</version>
        <relativePath>org/jdom/jdom/1.1.3/jdom-1.1.3.jar</relativePath>
      </dependency>
      <dependency>
        <groupId>com.googlecode.json-simple</groupId>
        <artifactId>json-simple</artifactId>
        <version>1.1</version>
        <relativePath>com/googlecode/json-simple/json-simple/1.1/json-simple-1.1.jar</relativePath>
      </dependency>
      <dependency>
        <groupId>javax.media</groupId>
        <artifactId>jai_core</artifactId>
        <version>1.1.3</version>
        <relativePath>javax/media/jai_core/1.1.3/jai_core-1.1.3.jar</relativePath>
      </dependency>
      <dependency>
        <groupId>org.geotools.xsd</groupId>
        <artifactId>gt-xsd-kml</artifactId>
        <version>13.2</version>
        <relativePath>org/geotools/xsd/gt-xsd-kml/13.2/gt-xsd-kml-13.2.jar</relativePath>
      </dependency>
      <dependency>
        <groupId>org.geotools.xsd</groupId>
        <artifactId>gt-xsd-core</artifactId>
        <version>13.2</version>
        <relativePath>org/geotools/xsd/gt-xsd-core/13.2/gt-xsd-core-13.2.jar</relativePath>
      </dependency>
      <dependency>
        <groupId>org.geotools</groupId>
        <artifactId>gt-graph</artifactId>
        <version>13.2</version>
        <relativePath>org/geotools/gt-graph/13.2/gt-graph-13.2.jar</relativePath>
      </dependency>
      <dependency>
        <groupId>picocontainer</groupId>
        <artifactId>picocontainer</artifactId>
        <version>1.2</version>
        <relativePath>picocontainer/picocontainer/1.2/picocontainer-1.2.jar</relativePath>
      </dependency>
      <dependency>
        <groupId>commons-jxpath</groupId>
        <artifactId>commons-jxpath</artifactId>
        <version>1.3</version>
        <relativePath>commons-jxpath/commons-jxpath/1.3/commons-jxpath-1.3.jar</relativePath>
      </dependency>
      <dependency>
        <groupId>org.eclipse.emf</groupId>
        <artifactId>common</artifactId>
        <version>2.6.0</version>
        <relativePath>org/eclipse/emf/common/2.6.0/common-2.6.0.jar</relativePath>
      </dependency>
      <dependency>
        <groupId>org.eclipse.emf</groupId>
        <artifactId>ecore</artifactId>
        <version>2.6.1</version>
        <relativePath>org/eclipse/emf/ecore/2.6.1/ecore-2.6.1.jar</relativePath>
      </dependency>
      <dependency>
        <groupId>org.eclipse.xsd</groupId>
        <artifactId>xsd</artifactId>
        <version>2.6.0</version>
        <relativePath>org/eclipse/xsd/xsd/2.6.0/xsd-2.6.0.jar</relativePath>
      </dependency>
      <dependency>
        <groupId>org.geotools</groupId>
        <artifactId>gt-xml</artifactId>
        <version>13.2</version>
        <relativePath>org/geotools/gt-xml/13.2/gt-xml-13.2.jar</relativePath>
      </dependency>
      <dependency>
        <groupId>org.geotools</groupId>
        <artifactId>gt-api</artifactId>
        <version>13.2</version>
        <relativePath>org/geotools/gt-api/13.2/gt-api-13.2.jar</relativePath>
      </dependency>
      <dependency>
        <groupId>org.geotools.xsd</groupId>
        <artifactId>gt-xsd-wfs</artifactId>
        <version>13.2</version>
        <relativePath>org/geotools/xsd/gt-xsd-wfs/13.2/gt-xsd-wfs-13.2.jar</relativePath>
      </dependency>
      <dependency>
        <groupId>org.geotools.xsd</groupId>
        <artifactId>gt-xsd-filter</artifactId>
        <version>13.2</version>
        <relativePath>org/geotools/xsd/gt-xsd-filter/13.2/gt-xsd-filter-13.2.jar</relativePath>
      </dependency>
      <dependency>
        <groupId>org.geotools.xsd</groupId>
        <artifactId>gt-xsd-gml2</artifactId>
        <version>13.2</version>
        <relativePath>org/geotools/xsd/gt-xsd-gml2/13.2/gt-xsd-gml2-13.2.jar</relativePath>
      </dependency>
      <dependency>
        <groupId>org.geotools.xsd</groupId>
        <artifactId>gt-xsd-gml3</artifactId>
        <version>13.2</version>
        <relativePath>org/geotools/xsd/gt-xsd-gml3/13.2/gt-xsd-gml3-13.2.jar</relativePath>
      </dependency>
      <dependency>
        <groupId>org.geotools.xsd</groupId>
        <artifactId>gt-xsd-fes</artifactId>
        <version>13.2</version>
        <relativePath>org/geotools/xsd/gt-xsd-fes/13.2/gt-xsd-fes-13.2.jar</relativePath>
      </dependency>
      <dependency>
        <groupId>org.geotools.xsd</groupId>
        <artifactId>gt-xsd-ows</artifactId>
        <version>13.2</version>
        <relativePath>org/geotools/xsd/gt-xsd-ows/13.2/gt-xsd-ows-13.2.jar</relativePath>
      </dependency>
      <dependency>
        <groupId>org.geotools.ogc</groupId>
        <artifactId>net.opengis.ows</artifactId>
        <version>13.2</version>
        <relativePath>org/geotools/ogc/net.opengis.ows/13.2/net.opengis.ows-13.2.jar</relativePath>
      </dependency>
      <dependency>
        <groupId>org.geotools</groupId>
        <artifactId>gt-data</artifactId>
        <version>13.2</version>
        <relativePath>org/geotools/gt-data/13.2/gt-data-13.2.jar</relativePath>
      </dependency>
      <dependency>
        <groupId>org.apache.xml</groupId>
        <artifactId>xml-commons-resolver</artifactId>
        <version>1.2</version>
        <relativePath>org/apache/xml/xml-commons-resolver/1.2/xml-commons-resolver-1.2.jar</relativePath>
      </dependency>
      <dependency>
        <groupId>org.geotools.ogc</groupId>
        <artifactId>net.opengis.wfs</artifactId>
        <version>13.2</version>
        <relativePath>org/geotools/ogc/net.opengis.wfs/13.2/net.opengis.wfs-13.2.jar</relativePath>
      </dependency>
      <dependency>
        <groupId>org.geotools.ogc</groupId>
        <artifactId>org.w3.xlink</artifactId>
        <version>13.2</version>
        <relativePath>org/geotools/ogc/org.w3.xlink/13.2/org.w3.xlink-13.2.jar</relativePath>
      </dependency>
      <dependency>
        <groupId>org.geotools.ogc</groupId>
        <artifactId>net.opengis.fes</artifactId>
        <version>13.2</version>
        <relativePath>org/geotools/ogc/net.opengis.fes/13.2/net.opengis.fes-13.2.jar</relativePath>
      </dependency>
      <dependency>
        <groupId>org.geotools</groupId>
        <artifactId>gt-epsg-hsql</artifactId>
        <version>13.2</version>
        <relativePath>org/geotools/gt-epsg-hsql/13.2/gt-epsg-hsql-13.2.jar</relativePath>
      </dependency>
      <dependency>
        <groupId>org.geotools</groupId>
        <artifactId>gt-referencing</artifactId>
        <version>13.2</version>
        <relativePath>org/geotools/gt-referencing/13.2/gt-referencing-13.2.jar</relativePath>
      </dependency>
      <dependency>
        <groupId>java3d</groupId>
        <artifactId>vecmath</artifactId>
        <version>1.3.2</version>
        <relativePath>java3d/vecmath/1.3.2/vecmath-1.3.2.jar</relativePath>
      </dependency>
      <dependency>
        <groupId>commons-pool</groupId>
        <artifactId>commons-pool</artifactId>
        <version>1.5.4</version>
        <relativePath>commons-pool/commons-pool/1.5.4/commons-pool-1.5.4.jar</relativePath>
      </dependency>
      <dependency>
        <groupId>org.geotools</groupId>
        <artifactId>gt-metadata</artifactId>
        <version>13.2</version>
        <relativePath>org/geotools/gt-metadata/13.2/gt-metadata-13.2.jar</relativePath>
      </dependency>
      <dependency>
        <groupId>jgridshift</groupId>
        <artifactId>jgridshift</artifactId>
        <version>1.0</version>
        <relativePath>jgridshift/jgridshift/1.0/jgridshift-1.0.jar</relativePath>
      </dependency>
      <dependency>
        <groupId>org.geotools</groupId>
        <artifactId>gt-opengis</artifactId>
        <version>13.2</version>
        <relativePath>org/geotools/gt-opengis/13.2/gt-opengis-13.2.jar</relativePath>
      </dependency>
      <dependency>
        <groupId>net.java.dev.jsr-275</groupId>
        <artifactId>jsr-275</artifactId>
        <version>1.0-beta-2</version>
        <relativePath>net/java/dev/jsr-275/jsr-275/1.0-beta-2/jsr-275-1.0-beta-2.jar</relativePath>
      </dependency>
      <dependency>
        <groupId>org.geotools</groupId>
        <artifactId>gt-process</artifactId>
        <version>13.2</version>
        <relativePath>org/geotools/gt-process/13.2/gt-process-13.2.jar</relativePath>
      </dependency>
      <dependency>
        <groupId>org.geotools</groupId>
        <artifactId>gt-coverage</artifactId>
        <version>13.2</version>
        <relativePath>org/geotools/gt-coverage/13.2/gt-coverage-13.2.jar</relativePath>
      </dependency>
      <dependency>
        <groupId>it.geosolutions.imageio-ext</groupId>
        <artifactId>imageio-ext-tiff</artifactId>
        <version>1.1.11</version>
        <relativePath>it/geosolutions/imageio-ext/imageio-ext-tiff/1.1.11/imageio-ext-tiff-1.1.11.jar</relativePath>
      </dependency>
      <dependency>
        <groupId>it.geosolutions.imageio-ext</groupId>
        <artifactId>imageio-ext-utilities</artifactId>
        <version>1.1.11</version>
        <relativePath>it/geosolutions/imageio-ext/imageio-ext-utilities/1.1.11/imageio-ext-utilities-1.1.11.jar</relativePath>
      </dependency>
      <dependency>
        <groupId>javax.media</groupId>
        <artifactId>jai_codec</artifactId>
        <version>1.1.3</version>
        <relativePath>javax/media/jai_codec/1.1.3/jai_codec-1.1.3.jar</relativePath>
      </dependency>
      <dependency>
        <groupId>org.jaitools</groupId>
        <artifactId>jt-zonalstats</artifactId>
        <version>1.3.1</version>
        <relativePath>org/jaitools/jt-zonalstats/1.3.1/jt-zonalstats-1.3.1.jar</relativePath>
      </dependency>
      <dependency>
        <groupId>org.jaitools</groupId>
        <artifactId>jt-utils</artifactId>
        <version>1.3.1</version>
        <relativePath>org/jaitools/jt-utils/1.3.1/jt-utils-1.3.1.jar</relativePath>
      </dependency>
      <dependency>
        <groupId>org.geotools</groupId>
        <artifactId>gt-shapefile</artifactId>
        <version>13.2</version>
        <relativePath>org/geotools/gt-shapefile/13.2/gt-shapefile-13.2.jar</relativePath>
      </dependency>
      <dependency>
        <groupId>org.geotools</groupId>
        <artifactId>gt-cql</artifactId>
        <version>13.2</version>
        <relativePath>org/geotools/gt-cql/13.2/gt-cql-13.2.jar</relativePath>
      </dependency>
      <dependency>
        <groupId>javax.media</groupId>
        <artifactId>jai_imageio</artifactId>
        <version>1.1</version>
        <relativePath>javax/media/jai_imageio/1.1/jai_imageio-1.1.jar</relativePath>
      </dependency>
      <dependency>
        <groupId>org.apache.pivot</groupId>
        <artifactId>pivot-core</artifactId>
        <version>2.0.4</version>
        <relativePath>org/apache/pivot/pivot-core/2.0.4/pivot-core-2.0.4.jar</relativePath>
      </dependency>
      <dependency>
        <groupId>org.apache.pivot</groupId>
        <artifactId>pivot-wtk</artifactId>
        <version>2.0.4</version>
        <relativePath>org/apache/pivot/pivot-wtk/2.0.4/pivot-wtk-2.0.4.jar</relativePath>
      </dependency>
      <dependency>
        <groupId>org.apache.pivot</groupId>
        <artifactId>pivot-web</artifactId>
        <version>2.0.4</version>
        <relativePath>org/apache/pivot/pivot-web/2.0.4/pivot-web-2.0.4.jar</relativePath>
      </dependency>
      <dependency>
        <groupId>jgraph</groupId>
        <artifactId>jgraph</artifactId>
        <version>5.13.0.0</version>
        <relativePath>jgraph/jgraph/5.13.0.0/jgraph-5.13.0.0.jar</relativePath>
      </dependency>
      <dependency>
        <groupId>org.jgrapht</groupId>
        <artifactId>jgrapht-jdk1.5</artifactId>
        <version>0.7.3</version>
        <relativePath>org/jgrapht/jgrapht-jdk1.5/0.7.3/jgrapht-jdk1.5-0.7.3.jar</relativePath>
      </dependency>
      <dependency>
        <groupId>org.apache.xmlbeans</groupId>
        <artifactId>xmlbeans</artifactId>
        <version>2.6.0</version>
        <relativePath>org/apache/xmlbeans/xmlbeans/2.6.0/xmlbeans-2.6.0.jar</relativePath>
      </dependency>
    </dependencies>
  </classpath>
  <commandLineArguments>
    <commandLineArgument>dump_rdf</commandLineArgument>
    <commandLineArgument>-rml</commandLineArgument>
  </commandLineArguments>
  <configurationDirectory>etc</configurationDirectory>
  <repositoryName>lib</repositoryName>
</daemon>
